126,"flu,swine,vaccine,h1n1,virus"
127,"cosmic,solar,eclipse,event,ulysses"
128,"train,godhra,gujarat,derailed,railway"
129,"jackson,michael,singer,angeles,los"
130,"hike,price,petroleum,oil,diesel"
131,"journalist,abduction,murder,bikash,observer"
132,"obama,barack,victory,clinton,hillary"
133,"ghraib,abu,abuse,detainee,prison"
134,"ban,simi,slapped,naved,karachi"
135,"india,agriculture,positive,budget,factor"
136,"piracy,entertainment,eidos,music,copyright"
137,"ltte,tamil,tiger,eelam,prabhakaran"
138,"india,woman,tipai,positive,factor"
139,"pirate,somali,ship,ransom,somalia"
140,"phoenix,spacecraft,nasa,lander,space"
141,"birth,baby,cloned,born,cloning"
142,"tree,felling,forest,felled,environment"
143,"nano,tata,motor,car,ratan"
144,"bhopal,carbide,madhya,pradesh,pesticide"
145,"bhutto,benazir,assassination,pakistani,musharraf"
146,"verdict,ram,acce,court,appellate"
147,"cyber,crime,india,factor,portal"
148,"networking,facebook,site,social,user"
149,"commonwealth,delhi,announ,game,event"
150,"gate,microsoft,melinda,bill,rockefeller"
151,"nobel,prize,chemistry,swedish,physic"
152,"missile,test,range,hatf,nuclear"
153,"solar,sun,heliosphere,spacecraft,earth"
154,"spectrum,3g,auction,raja,telecom"
155,"taj,mahal,mumbai,hotel,militant"
156,"tharoor,modi,ipl,shashi,lalit"
157,"film,bollywood,cinema,indian,producer"
158,"afghanistan,kandahar,khost,suicide,attack"
159,"hasina,sheikh,urge,sit,awami"
160,"iraq,war,brown,2003,blair"
161,"bush,terrorism,george,w,appleby"
162,"tornado,brahmanbaria,dharmandal,oklahoma,tree"
163,"tiger,conservation,habitat,wildlife,conservationist"
164,"jackson,michael,angeles,prince,los"
165,"marriage,divorce,couple,rejection,child"
166,"air,disaster,plane,wreckage,france"
167,"chechen,kadyrov,chechnya,grozny,rebel"
168,"kyi,suu,aung,myanmar,yangon"
169,"attack,militant,patience,mumbai,pakistan"
170,"hockey,fih,federation,ihf,.jothikumaran"
171,"witness,barge,case,judge,court"
172,"india,foetus,foeticide,tipai,factor"
173,"olympics,beijing,olympic,ioc,2008"
174,"slump,economic,remittance,global,recession"
175,"tendulkar,sachin,lara,test,cricket"
